Workbook

Sheet Project Overview
A1: MYNTRA E-COMMERCE APPLICATION — MANUAL TESTING DOCUMENTATION
A3: Project Details
A4: Project Name | B4: Myntra E-Commerce Application Testing
A5: Application Name | B5: Myntra
A6: Application Type | B6: E-Commerce / Online Fashion Shopping Application
A7: Testing Type | B7: Manual Testing
A8: Testing Approach | B8: Functional Testing
A9: Prepared By | B9: Oviya P
A10: Role | B10: Manual Tester
A11: Testing Scope | B11: Functional testing of major application features, identification and reporting of defects, test metrics, and test analytics.
A12: Document Version | B12: 1.0
A14: 1. Application Overview
A15: Myntra is an e-commerce application that allows users to search for and purchase clothing, footwear, accessories, beauty products, skin care, self-care products, and other lifestyle items. The application provides features such as product browsing, search, filtering, wishlist, cart/bag management, and checkout.
A20: 2. Testing Objectives
A21: • To verify that the major features of the Myntra application work as expected.
A22: • To identify functional defects and unexpected behaviour.
A23: • To verify that the application meets the expected requirements.
A24: • To create and execute test cases for the selected features.
A25: • To record and report identified defects with appropriate severity and priority.
A26: • To measure testing results using test metrics such as test coverage, pass rate, fail rate, and defect count.
A27: • To analyze the test results and identify areas that require further testing or improvement.
A29: 3. Scope of Testing
A30: The scope of this project is to manually test the major functional features of the Myntra application and verify whether they work as expected.
A33: In Scope ✅ | B33: Out of Scope ❌
A34: • Home page functionality | B34: • Back-end / server-side testing
A35: • Product search | B35: • Source code testing
A36: • Product categories (Men / Women / Kids) | B36: • Third-party payment gateway internal functionality
A37: • Filters and sorting | B37: • Security testing
A38: • Product details | B38: • Performance / load testing
A39: • Wishlist functionality
A40: • My profile
A41: • Shopping bag / cart functionality
A42: • Address functionality
A43: • Checkout functionality

Sheet Test Cases
A1: MYNTRA — FUNCTIONAL TEST CASES
A2: TC ID | B2: Feature | C2: Test Scenario | D2: Test Steps | E2: Test Data | F2: Expected Result | G2: Actual Result | H2: Status | I2: Severity | J2: Priority | K2: Executed By | L2: Execution Date
A3: TC-001 | B3: Home Page | C3: Verify homepage loads successfully | D3: 1. Launch the Myntra app/website 2. Observe the homepage load | E3: N/A | F3: Homepage loads within acceptable time with banners, categories and navigation visible | G3: Homepage loaded successfully with all sections visible | H3: Pass | I3: Low | J3: High | K3: Oviya P | L3: 46289
A4: TC-002 | B4: Home Page | C4: Verify banner/carousel displays correctly | D4: 1. Open homepage 2. Observe banner carousel 3. Wait for auto-scroll | E4: N/A | F4: Banner images auto-scroll and are clickable, redirecting to correct offer/category page | G4: Banner carousel displayed and auto-scrolled correctly; links worked | H4: Pass | I4: Low | J4: Medium | K4: Oviya P | L4: 46289
A5: TC-003 | B5: Home Page | C5: Verify navigation menu links work | D5: 1. Open homepage 2. Click each top navigation link (Men/Women/Kids/Home & Living) | E5: N/A | F5: Each link navigates to the corresponding category page | G5: All navigation links redirected to the correct pages | H5: Pass | I5: Medium | J5: High | K5: Oviya P | L5: 46289
A6: TC-004 | B6: Search | C6: Verify search with valid product name | D6: 1. Tap search bar 2. Enter a valid product name 3. Tap search icon | E6: Search term: 'Shirt' | F6: Relevant search results for 'Shirt' are displayed | G6: Relevant results for 'Shirt' were displayed correctly | H6: Pass | I6: Medium | J6: High | K6: Oviya P | L6: 46289
A7: TC-005 | B7: Search | C7: Verify search with invalid/nonexistent product | D7: 1. Tap search bar 2. Enter a random/invalid product name 3. Tap search icon | E7: Search term: 'xxzzqq123' | F7: A 'No results found' message is displayed | G7: 'No results found' message displayed as expected | H7: Pass | I7: Low | J7: Medium | K7: Oviya P | L7: 46289
A8: TC-006 | B8: Search | C8: Verify search autosuggest/suggestions | D8: 1. Tap search bar 2. Start typing a partial product name | E8: Search term: 'Sho' | F8: Relevant autosuggest keywords/products appear as user types | G8: Autosuggestions appeared for 'Sho' as expected | H8: Pass | I8: Low | J8: Low | K8: Oviya P | L8: 46289
A9: TC-007 | B9: Search | C9: Verify search with special characters | D9: 1. Tap search bar 2. Enter special characters 3. Tap search icon | E9: Search term: '@@##$$' | F9: Application should handle gracefully and show 'No results found' or validation message | G9: App crashed / showed blank white screen instead of a proper message | H9: Fail | I9: High | J9: High | K9: Oviya P | L9: 46289
A10: TC-008 | B10: Categories | C10: Verify Men category navigation | D10: 1. Tap 'Men' category from menu 2. Observe listing page | E10: N/A | F10: Men's category page loads with relevant products and sub-filters | G10: Men's category page loaded correctly with products | H10: Pass | I10: Medium | J10: High | K10: Oviya P | L10: 46289
A11: TC-009 | B11: Categories | C11: Verify Women category navigation | D11: 1. Tap 'Women' category from menu 2. Observe listing page | E11: N/A | F11: Women's category page loads with relevant products and sub-filters | G11: Women's category page loaded correctly with products | H11: Pass | I11: Medium | J11: High | K11: Oviya P | L11: 46289
A12: TC-010 | B12: Categories | C12: Verify Kids category navigation | D12: 1. Tap 'Kids' category from menu 2. Observe listing page | E12: N/A | F12: Kids' category page loads with relevant products and sub-filters | G12: Kids' category page loaded correctly with products | H12: Pass | I12: Medium | J12: High | K12: Oviya P | L12: 46289
A13: TC-011 | B13: Filters & Sorting | C13: Verify price range filter | D13: 1. Open any category listing 2. Apply a price range filter | E13: Price range: ₹500 - ₹1500 | F13: Only products within the selected price range are displayed | G13: Products displayed were within the selected ₹500-₹1500 range | H13: Pass | I13: Medium | J13: Medium | K13: Oviya P | L13: 46289
A14: TC-012 | B14: Filters & Sorting | C14: Verify brand filter | D14: 1. Open any category listing 2. Select a specific brand from filter panel | E14: Brand: 'Roadster' | F14: Only products of the selected brand are displayed | G14: Only 'Roadster' branded products were displayed | H14: Pass | I14: Medium | J14: Medium | K14: Oviya P | L14: 46289
... A32: TC-030 | B32: Checkout | C32: Verify order summary review | D32: 1. Reach order summary screen during checkout 2. Review item list, quantity and total | E32: N/A | F32: Order summary correctly reflects items, quantities, prices and total amount | G32: Order summary reflected correct items, quantities and total | H32: Pass | I32: High | J32: High | K32: Oviya P | L32: 46289
A105: Note: Results shown above are illustrative sample execution results prepared for this documentation (2 test cases were marked as failed to demonstrate the defect-logging and metrics workflow). Update the Status / Actual Result columns with your real execution results — all metrics, the Feature-wise Analysis and Dashboard sheets recalculate automatically from this sheet.

Sheet Defect Log
A1: MYNTRA — DEFECT LOG
A2: Defect ID | B2: Linked TC ID | C2: Feature | D2: Defect Summary | E2: Description | F2: Steps to Reproduce | G2: Severity | H2: Priority | I2: Status | J2: Reported By | K2: Reported Date | L2: Assigned To
A3: DEF-001 | B3: TC-007 | C3: Search | D3: Application shows blank screen instead of validation message for special-character search | E3: When a search term consisting only of special characters is entered, the app should show a graceful 'No results found' or validation message. Instead the search results page renders a blank white screen, and the user must navigate back manually. | F3: 1. Open the Search screen 2. Enter '@@##$$' in the search bar 3. Tap the search icon 4. Observe the results screen | G3: High | H3: High | I3: Open | J3: Oviya P | K3: 24-09-2026 | L3: Dev Team
A4: DEF-002 | B4: TC-024 | C4: Shopping Bag | D4: Item total price does not recalculate when quantity is updated in the bag | E4: When a user increases the quantity of an item in the shopping bag using the '+' control, the quantity field updates correctly but the corresponding item total price is not recalculated, still showing the price for the original quantity. This can mislead the user about the amount payable. | F4: 1. Add a product to the shopping bag 2. Open the bag 3. Tap '+' to increase quantity from 1 to 2 4. Observe the item's total price | G4: High | H4: High | I4: Open | J4: Oviya P | K4: 24-09-2026 | L4: Dev Team
A105: Note: These 2 defects were raised against the 2 test cases marked 'Fail' in the Test Cases sheet, as a worked example of the defect-logging process. Add further rows here as real defects are found; the Test Metrics sheet's defect formulas will expand automatically if you keep entries within the referenced range (or extend the range in Test Metrics if you add more rows).

Sheet Test Metrics
A1: MYNTRA — TEST METRICS & ANALYTICS
A3: A. Test Execution Metrics
A4: Total Test Cases | D4: =COUNTA('Test Cases'!$A$3:$A$100) -> 30
A5: Executed Test Cases | D5: =COUNTIFS('Test Cases'!$H$3:$H$100,"<>Not Executed",'Test Cases'!$H$3:$H$100,"<>") -> 30
A6: Passed | D6: =COUNTIF('Test Cases'!$H$3:$H$100,"Pass") -> 27
A7: Failed | D7: =COUNTIF('Test Cases'!$H$3:$H$100,"Fail") -> 3
A8: Blocked | D8: =COUNTIF('Test Cases'!$H$3:$H$100,"Blocked") -> 0
A9: Not Executed | D9: =D4-D5 -> 0
A10: Test Execution % (Executed ÷ Total) | D10: =IFERROR(D5/D4,0) -> 1
A11: Pass Rate (Passed ÷ Executed) | D11: =IFERROR(D6/D5,0) -> 0.9
A12: Fail Rate (Failed ÷ Executed) | D12: =IFERROR(D7/D5,0) -> 0.1
A14: B. Requirement / Test Coverage
A15: Total Requirements (selected features) | D15: 10
A16: Requirements Tested (features with ≥1 test case) | D16: =SUMPRODUCT((COUNTIF('Test Cases'!$B$3:$B$100,'Test Cases'!$B$3:$B$100)>0)/COUNTIF('Test Cases'!$B$3:$B$100,'Test Cases'!$B$3:$B$100&"")) -> 10
A17: Requirement / Test Coverage % (Tested ÷ Total Requirements) | D17: =IFERROR(D16/D15,0) -> 1
A19: C. Defect Metrics
A20: Total Defects Logged | D20: =COUNTA('Defect Log'!$A$3:$A$100) -> 2
A21: Open Defects | D21: =COUNTIF('Defect Log'!$I$3:$I$100,"Open") -> 2
A22: Closed Defects | D22: =COUNTIF('Defect Log'!$I$3:$I$100,"Closed") -> 0
A23: Defect Closure Rate (Closed ÷ Total Defects) | D23: =IFERROR(D22/D20,0) -> 0
A24: Critical Severity Defects | D24: =COUNTIF('Defect Log'!$G$3:$G$100,"Critical") -> 0
A25: High Severity Defects | D25: =COUNTIF('Defect Log'!$G$3:$G$100,"High") -> 2
A26: Medium Severity Defects | D26: =COUNTIF('Defect Log'!$G$3:$G$100,"Medium") -> 0
A27: Low Severity Defects | D27: =COUNTIF('Defect Log'!$G$3:$G$100,"Low") -> 0
A28: Critical Defect % (Critical ÷ Total Defects) | D28: =IFERROR(D24/D20,0) -> 0
A29: Estimated Module Size (KLOC) | D29: 5
A30: Defect Density (Total Defects ÷ KLOC) | D30: =IFERROR(D20/D29,0) -> 0.4
A32: D. Central Tendency — Sample Page Load Times (sec)
A33: Recorded loads (sec) | B33: 3.6 | C33: 1.8 | D33: 2.4
A34: Sample values entered in D-column rows below:
A35: Load time sample | D35: 2.1
A36: Load time sample | D36: 1.8
A37: Load time sample | D37: 2.4
A38: Load time sample | D38: 2
A39: Load time sample | D39: 3.6
A40: Mean Load Time (sec) =AVERAGE(samples) | D40: =AVERAGE(D35:D39) -> 2.38
A41: Median Load Time (sec) =MEDIAN(samples) | D41: =MEDIAN(D35:D39) -> 2.1

Sheet Feature-wise Analysis
A1: MYNTRA — FEATURE-WISE TEST ANALYSIS
A2: Feature | B2: Total Test Cases | C2: Passed | D2: Failed | E2: Blocked | F2: Pass Rate | G2: Status
A3: Home Page | B3: =COUNTIF('Test Cases'!$B$3:$B$100,$A3) -> 3 | C3: =COUNTIFS('Test Cases'!$B$3:$B$100,$A3,'Test Cases'!$H$3:$H$100,"Pass") -> 3 | D3: =COUNTIFS('Test Cases'!$B$3:$B$100,$A3,'Test Cases'!$H$3:$H$100,"Fail") -> 0 | E3: =COUNTIFS('Test Cases'!$B$3:$B$100,$A3,'Test Cases'!$H$3:$H$100,"Blocked") -> 0 | F3: =IFERROR(C3/B3,0) -> 1 | G3: =IF(B3=0,"N/A",IF(D3>0,"Needs Attention","OK")) -> OK
A4: Search | B4: =COUNTIF('Test Cases'!$B$3:$B$100,$A4) -> 4 | C4: =COUNTIFS('Test Cases'!$B$3:$B$100,$A4,'Test Cases'!$H$3:$H$100,"Pass") -> 3 | D4: =COUNTIFS('Test Cases'!$B$3:$B$100,$A4,'Test Cases'!$H$3:$H$100,"Fail") -> 1 | E4: =COUNTIFS('Test Cases'!$B$3:$B$100,$A4,'Test Cases'!$H$3:$H$100,"Blocked") -> 0 | F4: =IFERROR(C4/B4,0) -> 0.75 | G4: =IF(B4=0,"N/A",IF(D4>0,"Needs Attention","OK")) -> Needs Attention
A5: Categories | B5: =COUNTIF('Test Cases'!$B$3:$B$100,$A5) -> 3 | C5: =COUNTIFS('Test Cases'!$B$3:$B$100,$A5,'Test Cases'!$H$3:$H$100,"Pass") -> 3 | D5: =COUNTIFS('Test Cases'!$B$3:$B$100,$A5,'Test Cases'!$H$3:$H$100,"Fail") -> 0 | E5: =COUNTIFS('Test Cases'!$B$3:$B$100,$A5,'Test Cases'!$H$3:$H$100,"Blocked") -> 0 | F5: =IFERROR(C5/B5,0) -> 1 | G5: =IF(B5=0,"N/A",IF(D5>0,"Needs Attention","OK")) -> OK
A6: Filters & Sorting | B6: =COUNTIF('Test Cases'!$B$3:$B$100,$A6) -> 4 | C6: =COUNTIFS('Test Cases'!$B$3:$B$100,$A6,'Test Cases'!$H$3:$H$100,"Pass") -> 3 | D6: =COUNTIFS('Test Cases'!$B$3:$B$100,$A6,'Test Cases'!$H$3:$H$100,"Fail") -> 1 | E6: =COUNTIFS('Test Cases'!$B$3:$B$100,$A6,'Test Cases'!$H$3:$H$100,"Blocked") -> 0 | F6: =IFERROR(C6/B6,0) -> 0.75 | G6: =IF(B6=0,"N/A",IF(D6>0,"Needs Attention","OK")) -> Needs Attention
A7: Product Details | B7: =COUNTIF('Test Cases'!$B$3:$B$100,$A7) -> 3 | C7: =COUNTIFS('Test Cases'!$B$3:$B$100,$A7,'Test Cases'!$H$3:$H$100,"Pass") -> 3 | D7: =COUNTIFS('Test Cases'!$B$3:$B$100,$A7,'Test Cases'!$H$3:$H$100,"Fail") -> 0 | E7: =COUNTIFS('Test Cases'!$B$3:$B$100,$A7,'Test Cases'!$H$3:$H$100,"Blocked") -> 0 | F7: =IFERROR(C7/B7,0) -> 1 | G7: =IF(B7=0,"N/A",IF(D7>0,"Needs Attention","OK")) -> OK
A8: Wishlist | B8: =COUNTIF('Test Cases'!$B$3:$B$100,$A8) -> 3 | C8: =COUNTIFS('Test Cases'!$B$3:$B$100,$A8,'Test Cases'!$H$3:$H$100,"Pass") -> 3 | D8: =COUNTIFS('Test Cases'!$B$3:$B$100,$A8,'Test Cases'!$H$3:$H$100,"Fail") -> 0 | E8: =COUNTIFS('Test Cases'!$B$3:$B$100,$A8,'Test Cases'!$H$3:$H$100,"Blocked") -> 0 | F8: =IFERROR(C8/B8,0) -> 1 | G8: =IF(B8=0,"N/A",IF(D8>0,"Needs Attention","OK")) -> OK
A9: My Profile | B9: =COUNTIF('Test Cases'!$B$3:$B$100,$A9) -> 2 | C9: =COUNTIFS('Test Cases'!$B$3:$B$100,$A9,'Test Cases'!$H$3:$H$100,"Pass") -> 2 | D9: =COUNTIFS('Test Cases'!$B$3:$B$100,$A9,'Test Cases'!$H$3:$H$100,"Fail") -> 0 | E9: =COUNTIFS('Test Cases'!$B$3:$B$100,$A9,'Test Cases'!$H$3:$H$100,"Blocked") -> 0 | F9: =IFERROR(C9/B9,0) -> 1 | G9: =IF(B9=0,"N/A",IF(D9>0,"Needs Attention","OK")) -> OK
A10: Shopping Bag | B10: =COUNTIF('Test Cases'!$B$3:$B$100,$A10) -> 4 | C10: =COUNTIFS('Test Cases'!$B$3:$B$100,$A10,'Test Cases'!$H$3:$H$100,"Pass") -> 3 | D10: =COUNTIFS('Test Cases'!$B$3:$B$100,$A10,'Test Cases'!$H$3:$H$100,"Fail") -> 1 | E10: =COUNTIFS('Test Cases'!$B$3:$B$100,$A10,'Test Cases'!$H$3:$H$100,"Blocked") -> 0 | F10: =IFERROR(C10/B10,0) -> 0.75 | G10: =IF(B10=0,"N/A",IF(D10>0,"Needs Attention","OK")) -> Needs Attention
A11: Address | B11: =COUNTIF('Test Cases'!$B$3:$B$100,$A11) -> 2 | C11: =COUNTIFS('Test Cases'!$B$3:$B$100,$A11,'Test Cases'!$H$3:$H$100,"Pass") -> 2 | D11: =COUNTIFS('Test Cases'!$B$3:$B$100,$A11,'Test Cases'!$H$3:$H$100,"Fail") -> 0 | E11: =COUNTIFS('Test Cases'!$B$3:$B$100,$A11,'Test Cases'!$H$3:$H$100,"Blocked") -> 0 | F11: =IFERROR(C11/B11,0) -> 1 | G11: =IF(B11=0,"N/A",IF(D11>0,"Needs Attention","OK")) -> OK
A12: Checkout | B12: =COUNTIF('Test Cases'!$B$3:$B$100,$A12) -> 2 | C12: =COUNTIFS('Test Cases'!$B$3:$B$100,$A12,'Test Cases'!$H$3:$H$100,"Pass") -> 2 | D12: =COUNTIFS('Test Cases'!$B$3:$B$100,$A12,'Test Cases'!$H$3:$H$100,"Fail") -> 0 | E12: =COUNTIFS('Test Cases'!$B$3:$B$100,$A12,'Test Cases'!$H$3:$H$100,"Blocked") -> 0 | F12: =IFERROR(C12/B12,0) -> 1 | G12: =IF(B12=0,"N/A",IF(D12>0,"Needs Attention","OK")) -> OK
A13: TOTAL | B13: =SUM(B3:B12) -> 30 | C13: =SUM(C3:C12) -> 27 | D13: =SUM(D3:D12) -> 3 | E13: =SUM(E3:E12) -> 0 | F13: =IFERROR(C13/B13,0) -> 0.9

Sheet Dashboard
A1: MYNTRA MANUAL TESTING — DASHBOARD
A3: Total Test Cases | C3: Pass Rate | E3: Fail Rate | G3: Total Defects | I3: Open Defects | K3: Defect Closure Rate
A4: ='Test Metrics'!D4 -> 30 | C4: ='Test Metrics'!D11 -> 0.9 | E4: ='Test Metrics'!D12 -> 0.1 | G4: ='Test Metrics'!D20 -> 2 | I4: ='Test Metrics'!D21 -> 2 | K4: ='Test Metrics'!D23 -> 0
A7: Status | B7: Count
A8: Pass | B8: ='Test Metrics'!D6 -> 27
A9: Fail | B9: ='Test Metrics'!D7 -> 3
A10: Blocked | B10: ='Test Metrics'!D8 -> 0
A12: Severity | B12: Count
A13: Critical | B13: ='Test Metrics'!D24 -> 0
A14: High | B14: ='Test Metrics'!D25 -> 2
A15: Medium | B15: ='Test Metrics'!D26 -> 0
A16: Low | B16: ='Test Metrics'!D27 -> 0

Sheet Analysis Process & Guide
A1: TESTING ANALYSIS PROCESS & WORKBOOK GUIDE
A3: 1. End-to-End Testing Analysis Process
A4: 1. Test Planning | B4: Define objectives, in-scope/out-of-scope features, and the requirement list (see Project Overview).
A5: 2. Test Case Design | B5: Write test scenarios, steps, test data and expected results for each in-scope feature (see Test Cases).
A6: 3. Test Execution | B6: Execute each test case, record the Actual Result, and mark Status as Pass / Fail / Blocked.
A7: 4. Defect Logging | B7: For every Fail, raise a defect with steps to reproduce, severity and priority (see Defect Log).
A8: 5. Retesting | B8: Once a defect is fixed, re-execute the linked test case and update its Status to Pass; update the defect Status to Closed.
A9: 6. Regression Testing | B9: Re-run related passed test cases around the fixed area to confirm nothing else broke.
A10: 7. Metrics Collection | B10: Test Coverage, Execution %, Pass/Fail Rate, Defect Density and Closure Rate are calculated automatically (see Test Metrics).
A11: 8. Final Analysis & Reporting | B11: Review Feature-wise Analysis and the Dashboard to judge release readiness and highlight risk areas.
A13: 2. Quick Formula Sheet
A14: Metric | B14: Formula
A15: Test Coverage | B15: (Requirements Tested ÷ Total Requirements) × 100
A16: Test Execution % | B16: (Executed Test Cases ÷ Total Test Cases) × 100
A17: Pass Rate | B17: (Passed Test Cases ÷ Executed Test Cases) × 100
A18: Fail Rate | B18: (Failed Test Cases ÷ Executed Test Cases) × 100
A19: Defect Density | B19: Number of Defects ÷ KLOC
A20: Defect Closure Rate | B20: (Closed Defects ÷ Total Defects) × 100
A21: Mean | B21: Sum of Values ÷ Number of Values
A22: Median (odd count) | B22: Middle value after sorting
A23: Median (even count) | B23: (Middle Value 1 + Middle Value 2) ÷ 2
A25: 3. Key Differences
A26: • Test Coverage asks: How much of the requirements have been tested?
A27: • Test Execution asks: How many test cases have been executed?
A28: • Pass Rate asks: How many of the executed test cases passed?
A30: 4. How to Update This Workbook
A31: • Test Cases sheet: edit Actual Result and Status (dropdown: Pass / Fail / Blocked / Not Executed) as you execute each test.
A32: • Defect Log sheet: add one row per Fail with Severity, Priority, Status (Open/Closed) and reproduction steps.
A33: • Test Metrics sheet: blue cells (Total Requirements, KLOC) are editable assumptions — everything else is a formula and updates automatically.
A34: • Feature-wise Analysis and Dashboard: fully automatic — no manual editing needed, they read from Test Cases / Defect Log / Test Metrics.
A35: • In Excel, formulas recalculate automatically. If a formula shows a stale value, press Ctrl+Alt+F9 to force a full recalculation.
